"","GEOID","Domain","Index","Number","Percent","NAMELSAD","COUNTYFP","CountyName","Ordering","Label"
"1","51029930202","density","norm",0,"17.8 ppl/sq. mi.","Tract 9302.02","029","Buckingham",1,"Population Density"
"2","51029930202","room15","norm",0.09,"0.2% Households","Tract 9302.02","029","Buckingham",1,">1.5 Ppl/Room"
"3","51029930202","nocar","norm",0.34,"9.4% Households","Tract 9302.02","029","Buckingham",1,"No Car Access"
"4","51029930202","und18","norm",0.3,"38.9% Families","Tract 9302.02","029","Buckingham",1,"Children Present"
"5","51029930202","nobb","norm",0.75,"36.8% Households","Tract 9302.02","029","Buckingham",1,"No Broadband"
"6","51029930202","nofood","norm",0.02,"99.02% Households","Tract 9302.02","029","Buckingham",1,"Low Food Access"
"7","51029930202","index","norm",1.5,"NA","Tract 9302.02","029","Buckingham",1,"Composite Score"
"8","51029930201","density","norm",0,"56.4 ppl/sq. mi.","Tract 9302.01","029","Buckingham",1,"Population Density"
"9","51029930201","room15","norm",0.86,"1.9% Households","Tract 9302.01","029","Buckingham",1,">1.5 Ppl/Room"
"10","51029930201","nocar","norm",0.2,"5.5% Households","Tract 9302.01","029","Buckingham",1,"No Car Access"
"11","51029930201","und18","norm",0.34,"40.8% Families","Tract 9302.01","029","Buckingham",1,"Children Present"
"12","51029930201","nobb","norm",0.86,"41.9% Households","Tract 9302.01","029","Buckingham",1,"No Broadband"
"13","51029930201","nofood","norm",0.09,"99.09% Households","Tract 9302.01","029","Buckingham",1,"Low Food Access"
"14","51029930201","index","norm",2.36,"NA","Tract 9302.01","029","Buckingham",1,"Composite Score"
"15","51029930102","density","norm",0,"33.6 ppl/sq. mi.","Tract 9301.02","029","Buckingham",1,"Population Density"
"16","51029930102","room15","norm",0,"0% Households","Tract 9301.02","029","Buckingham",1,">1.5 Ppl/Room"
"17","51029930102","nocar","norm",0.16,"4.4% Households","Tract 9301.02","029","Buckingham",1,"No Car Access"
"18","51029930102","und18","norm",0.28,"37.5% Families","Tract 9301.02","029","Buckingham",1,"Children Present"
"19","51029930102","nobb","norm",0.98,"47.3% Households","Tract 9301.02","029","Buckingham",1,"No Broadband"
"20","51029930102","nofood","norm",0,"99% Households","Tract 9301.02","029","Buckingham",1,"Low Food Access"
"21","51029930102","index","norm",1.42,"NA","Tract 9301.02","029","Buckingham",1,"Composite Score"
"22","51029930101","density","norm",0,"28.6 ppl/sq. mi.","Tract 9301.01","029","Buckingham",1,"Population Density"
"23","51029930101","room15","norm",0.36,"0.8% Households","Tract 9301.01","029","Buckingham",1,">1.5 Ppl/Room"
"24","51029930101","nocar","norm",0.16,"4.5% Households","Tract 9301.01","029","Buckingham",1,"No Car Access"
"25","51029930101","und18","norm",0.17,"31.5% Families","Tract 9301.01","029","Buckingham",1,"Children Present"
"26","51029930101","nobb","norm",0.78,"38.2% Households","Tract 9301.01","029","Buckingham",1,"No Broadband"
"27","51029930101","nofood","norm",0,"99% Households","Tract 9301.01","029","Buckingham",1,"Low Food Access"
"28","51029930101","index","norm",1.48,"NA","Tract 9301.01","029","Buckingham",1,"Composite Score"
"29","51003011400","density","norm",0,"45.1 ppl/sq. mi.","Tract 114","003","Albemarle",2,"Population Density"
"30","51003011400","room15","norm",0.55,"1.2% Households","Tract 114","003","Albemarle",2,">1.5 Ppl/Room"
"31","51003011400","nocar","norm",0.09,"2.6% Households","Tract 114","003","Albemarle",2,"No Car Access"
"32","51003011400","und18","norm",0.43,"45.8% Families","Tract 114","003","Albemarle",2,"Children Present"
"33","51003011400","nobb","norm",0.64,"31.6% Households","Tract 114","003","Albemarle",2,"No Broadband"
"34","51003011400","nofood","norm",0.15,"99.15% Households","Tract 114","003","Albemarle",2,"Low Food Access"
"35","51003011400","index","norm",1.85,"NA","Tract 114","003","Albemarle",2,"Composite Score"
"36","51003011303","density","norm",0.12,"1717.3 ppl/sq. mi.","Tract 113.03","003","Albemarle",2,"Population Density"
"37","51003011303","room15","norm",0.23,"0.5% Households","Tract 113.03","003","Albemarle",2,">1.5 Ppl/Room"
"38","51003011303","nocar","norm",0.02,"0.5% Households","Tract 113.03","003","Albemarle",2,"No Car Access"
"39","51003011303","und18","norm",0.28,"37.7% Families","Tract 113.03","003","Albemarle",2,"Children Present"
"40","51003011303","nobb","norm",0,"2.2% Households","Tract 113.03","003","Albemarle",2,"No Broadband"
"41","51003011303","nofood","norm",0.99,"99.99% Households","Tract 113.03","003","Albemarle",2,"Low Food Access"
"42","51003011303","index","norm",1.63,"NA","Tract 113.03","003","Albemarle",2,"Composite Score"
"43","51003011302","density","norm",0.28,"4204 ppl/sq. mi.","Tract 113.02","003","Albemarle",2,"Population Density"
"44","51003011302","room15","norm",0.64,"1.4% Households","Tract 113.02","003","Albemarle",2,">1.5 Ppl/Room"
"45","51003011302","nocar","norm",0.22,"6% Households","Tract 113.02","003","Albemarle",2,"No Car Access"
"46","51003011302","und18","norm",0.6,"55.6% Families","Tract 113.02","003","Albemarle",2,"Children Present"
"47","51003011302","nobb","norm",0.59,"29.4% Households","Tract 113.02","003","Albemarle",2,"No Broadband"
"48","51003011302","nofood","norm",0.31,"99.31% Households","Tract 113.02","003","Albemarle",2,"Low Food Access"
"49","51003011302","index","norm",2.64,"NA","Tract 113.02","003","Albemarle",2,"Composite Score"
"50","51003011301","density","norm",0,"57.1 ppl/sq. mi.","Tract 113.01","003","Albemarle",2,"Population Density"
"51","51003011301","room15","norm",0,"0% Households","Tract 113.01","003","Albemarle",2,">1.5 Ppl/Room"
"52","51003011301","nocar","norm",0.01,"0.4% Households","Tract 113.01","003","Albemarle",2,"No Car Access"
"53","51003011301","und18","norm",0.18,"31.8% Families","Tract 113.01","003","Albemarle",2,"Children Present"
"54","51003011301","nobb","norm",0.43,"21.8% Households","Tract 113.01","003","Albemarle",2,"No Broadband"
"55","51003011301","nofood","norm",0.07,"99.07% Households","Tract 113.01","003","Albemarle",2,"Low Food Access"
"56","51003011301","index","norm",0.68,"NA","Tract 113.01","003","Albemarle",2,"Composite Score"
"57","51003011202","density","norm",0.01,"94.7 ppl/sq. mi.","Tract 112.02","003","Albemarle",2,"Population Density"
"58","51003011202","room15","norm",0,"0% Households","Tract 112.02","003","Albemarle",2,">1.5 Ppl/Room"
"59","51003011202","nocar","norm",0.03,"0.8% Households","Tract 112.02","003","Albemarle",2,"No Car Access"
"60","51003011202","und18","norm",0.31,"39.3% Families","Tract 112.02","003","Albemarle",2,"Children Present"
"61","51003011202","nobb","norm",0.17,"10.2% Households","Tract 112.02","003","Albemarle",2,"No Broadband"
"62","51003011202","nofood","norm",0,"99% Households","Tract 112.02","003","Albemarle",2,"Low Food Access"
"63","51003011202","index","norm",0.52,"NA","Tract 112.02","003","Albemarle",2,"Composite Score"
"64","51003011201","density","norm",0,"45.5 ppl/sq. mi.","Tract 112.01","003","Albemarle",2,"Population Density"
"65","51003011201","room15","norm",0,"0% Households","Tract 112.01","003","Albemarle",2,">1.5 Ppl/Room"
"66","51003011201","nocar","norm",0.04,"1.1% Households","Tract 112.01","003","Albemarle",2,"No Car Access"
"67","51003011201","und18","norm",0.27,"37.1% Families","Tract 112.01","003","Albemarle",2,"Children Present"
"68","51003011201","nobb","norm",0.43,"22.1% Households","Tract 112.01","003","Albemarle",2,"No Broadband"
"69","51003011201","nofood","norm",0.06,"99.06% Households","Tract 112.01","003","Albemarle",2,"Low Food Access"
"70","51003011201","index","norm",0.81,"NA","Tract 112.01","003","Albemarle",2,"Composite Score"
"71","51003011100","density","norm",0.03,"483.6 ppl/sq. mi.","Tract 111","003","Albemarle",2,"Population Density"
"72","51003011100","room15","norm",0,"0% Households","Tract 111","003","Albemarle",2,">1.5 Ppl/Room"
"73","51003011100","nocar","norm",0.09,"2.4% Households","Tract 111","003","Albemarle",2,"No Car Access"
"74","51003011100","und18","norm",0.61,"56% Families","Tract 111","003","Albemarle",2,"Children Present"
"75","51003011100","nobb","norm",0.3,"15.9% Households","Tract 111","003","Albemarle",2,"No Broadband"
"76","51003011100","nofood","norm",0.62,"99.62% Households","Tract 111","003","Albemarle",2,"Low Food Access"
"77","51003011100","index","norm",1.65,"NA","Tract 111","003","Albemarle",2,"Composite Score"
"78","51003011000","density","norm",0.01,"219.9 ppl/sq. mi.","Tract 110","003","Albemarle",2,"Population Density"
"79","51003011000","room15","norm",0,"0% Households","Tract 110","003","Albemarle",2,">1.5 Ppl/Room"
"80","51003011000","nocar","norm",0.05,"1.3% Households","Tract 110","003","Albemarle",2,"No Car Access"
"81","51003011000","und18","norm",0.35,"41.7% Families","Tract 110","003","Albemarle",2,"Children Present"
"82","51003011000","nobb","norm",0.11,"7.1% Households","Tract 110","003","Albemarle",2,"No Broadband"
"83","51003011000","nofood","norm",0.04,"99.04% Households","Tract 110","003","Albemarle",2,"Low Food Access"
"84","51003011000","index","norm",0.56,"NA","Tract 110","003","Albemarle",2,"Composite Score"
"85","51003010902","density","norm",0.29,"4295.6 ppl/sq. mi.","Tract 109.02","003","Albemarle",2,"Population Density"
"86","51003010902","room15","norm",0.59,"1.3% Households","Tract 109.02","003","Albemarle",2,">1.5 Ppl/Room"
"87","51003010902","nocar","norm",0.78,"21.7% Households","Tract 109.02","003","Albemarle",2,"No Car Access"
"88","51003010902","und18","norm",0.68,"59.9% Families","Tract 109.02","003","Albemarle",2,"Children Present"
"89","51003010902","nobb","norm",0.26,"14% Households","Tract 109.02","003","Albemarle",2,"No Broadband"
"90","51003010902","nofood","norm",0.88,"99.88% Households","Tract 109.02","003","Albemarle",2,"Low Food Access"
"91","51003010902","index","norm",3.47,"NA","Tract 109.02","003","Albemarle",2,"Composite Score"
"92","51003010901","density","norm",0.21,"3092 ppl/sq. mi.","Tract 109.01","003","Albemarle",2,"Population Density"
"93","51003010901","room15","norm",0,"0% Households","Tract 109.01","003","Albemarle",2,">1.5 Ppl/Room"
"94","51003010901","nocar","norm",0.49,"13.8% Households","Tract 109.01","003","Albemarle",2,"No Car Access"
"95","51003010901","und18","norm",0.31,"39.2% Families","Tract 109.01","003","Albemarle",2,"Children Present"
"96","51003010901","nobb","norm",0.29,"15.5% Households","Tract 109.01","003","Albemarle",2,"No Broadband"
"97","51003010901","nofood","norm",1,"100% Households","Tract 109.01","003","Albemarle",2,"Low Food Access"
"98","51003010901","index","norm",2.3,"NA","Tract 109.01","003","Albemarle",2,"Composite Score"
"99","51003010800","density","norm",0.07,"1008.6 ppl/sq. mi.","Tract 108","003","Albemarle",2,"Population Density"
"100","51003010800","room15","norm",0,"0% Households","Tract 108","003","Albemarle",2,">1.5 Ppl/Room"
"101","51003010800","nocar","norm",0.39,"10.9% Households","Tract 108","003","Albemarle",2,"No Car Access"
"102","51003010800","und18","norm",0.25,"36% Families","Tract 108","003","Albemarle",2,"Children Present"
"103","51003010800","nobb","norm",0.2,"11.6% Households","Tract 108","003","Albemarle",2,"No Broadband"
"104","51003010800","nofood","norm",0.85,"99.85% Households","Tract 108","003","Albemarle",2,"Low Food Access"
"105","51003010800","index","norm",1.77,"NA","Tract 108","003","Albemarle",2,"Composite Score"
"106","51003010700","density","norm",0.32,"4707.9 ppl/sq. mi.","Tract 107","003","Albemarle",2,"Population Density"
"107","51003010700","room15","norm",0.23,"0.5% Households","Tract 107","003","Albemarle",2,">1.5 Ppl/Room"
"108","51003010700","nocar","norm",0.28,"7.8% Households","Tract 107","003","Albemarle",2,"No Car Access"
"109","51003010700","und18","norm",0.25,"35.8% Families","Tract 107","003","Albemarle",2,"Children Present"
"110","51003010700","nobb","norm",0.17,"10.1% Households","Tract 107","003","Albemarle",2,"No Broadband"
"111","51003010700","nofood","norm",1,"100% Households","Tract 107","003","Albemarle",2,"Low Food Access"
"112","51003010700","index","norm",2.24,"NA","Tract 107","003","Albemarle",2,"Composite Score"
"113","51003010602","density","norm",0.13,"2006.8 ppl/sq. mi.","Tract 106.02","003","Albemarle",2,"Population Density"
"114","51003010602","room15","norm",0,"0% Households","Tract 106.02","003","Albemarle",2,">1.5 Ppl/Room"
"115","51003010602","nocar","norm",0.1,"2.9% Households","Tract 106.02","003","Albemarle",2,"No Car Access"
"116","51003010602","und18","norm",0.35,"41.5% Families","Tract 106.02","003","Albemarle",2,"Children Present"
"117","51003010602","nobb","norm",0.11,"7.3% Households","Tract 106.02","003","Albemarle",2,"No Broadband"
"118","51003010602","nofood","norm",0.07,"99.07% Households","Tract 106.02","003","Albemarle",2,"Low Food Access"
"119","51003010602","index","norm",0.77,"NA","Tract 106.02","003","Albemarle",2,"Composite Score"
"120","51003010601","density","norm",0.17,"2557 ppl/sq. mi.","Tract 106.01","003","Albemarle",2,"Population Density"
"121","51003010601","room15","norm",0,"0% Households","Tract 106.01","003","Albemarle",2,">1.5 Ppl/Room"
"122","51003010601","nocar","norm",0.59,"16.6% Households","Tract 106.01","003","Albemarle",2,"No Car Access"
"123","51003010601","und18","norm",0.33,"40.3% Families","Tract 106.01","003","Albemarle",2,"Children Present"
"124","51003010601","nobb","norm",0.49,"24.8% Households","Tract 106.01","003","Albemarle",2,"No Broadband"
"125","51003010601","nofood","norm",0.93,"99.93% Households","Tract 106.01","003","Albemarle",2,"Low Food Access"
"126","51003010601","index","norm",2.52,"NA","Tract 106.01","003","Albemarle",2,"Composite Score"
"127","51003010500","density","norm",0.04,"566.7 ppl/sq. mi.","Tract 105","003","Albemarle",2,"Population Density"
"128","51003010500","room15","norm",0,"0% Households","Tract 105","003","Albemarle",2,">1.5 Ppl/Room"
"129","51003010500","nocar","norm",0.28,"7.7% Households","Tract 105","003","Albemarle",2,"No Car Access"
"130","51003010500","und18","norm",0.38,"43% Families","Tract 105","003","Albemarle",2,"Children Present"
"131","51003010500","nobb","norm",0.27,"14.8% Households","Tract 105","003","Albemarle",2,"No Broadband"
"132","51003010500","nofood","norm",0.71,"99.71% Households","Tract 105","003","Albemarle",2,"Low Food Access"
"133","51003010500","index","norm",1.68,"NA","Tract 105","003","Albemarle",2,"Composite Score"
"134","51003010402","density","norm",0.01,"155.8 ppl/sq. mi.","Tract 104.02","003","Albemarle",2,"Population Density"
"135","51003010402","room15","norm",0,"0% Households","Tract 104.02","003","Albemarle",2,">1.5 Ppl/Room"
"136","51003010402","nocar","norm",0.05,"1.3% Households","Tract 104.02","003","Albemarle",2,"No Car Access"
"137","51003010402","und18","norm",0,"22% Families","Tract 104.02","003","Albemarle",2,"Children Present"
"138","51003010402","nobb","norm",0.15,"9.3% Households","Tract 104.02","003","Albemarle",2,"No Broadband"
"139","51003010402","nofood","norm",0.01,"99.01% Households","Tract 104.02","003","Albemarle",2,"Low Food Access"
"140","51003010402","index","norm",0.22,"NA","Tract 104.02","003","Albemarle",2,"Composite Score"
"141","51003010401","density","norm",0,"45 ppl/sq. mi.","Tract 104.01","003","Albemarle",2,"Population Density"
"142","51003010401","room15","norm",0,"0% Households","Tract 104.01","003","Albemarle",2,">1.5 Ppl/Room"
"143","51003010401","nocar","norm",0.07,"2% Households","Tract 104.01","003","Albemarle",2,"No Car Access"
"144","51003010401","und18","norm",0.18,"32.1% Families","Tract 104.01","003","Albemarle",2,"Children Present"
"145","51003010401","nobb","norm",0.54,"27.2% Households","Tract 104.01","003","Albemarle",2,"No Broadband"
"146","51003010401","nofood","norm",0,"99% Households","Tract 104.01","003","Albemarle",2,"Low Food Access"
"147","51003010401","index","norm",0.8,"NA","Tract 104.01","003","Albemarle",2,"Composite Score"
"148","51003010300","density","norm",0.06,"947.8 ppl/sq. mi.","Tract 103","003","Albemarle",2,"Population Density"
"149","51003010300","room15","norm",0,"0% Households","Tract 103","003","Albemarle",2,">1.5 Ppl/Room"
"150","51003010300","nocar","norm",0.06,"1.7% Households","Tract 103","003","Albemarle",2,"No Car Access"
"151","51003010300","und18","norm",0.41,"44.8% Families","Tract 103","003","Albemarle",2,"Children Present"
"152","51003010300","nobb","norm",0.2,"11.4% Households","Tract 103","003","Albemarle",2,"No Broadband"
"153","51003010300","nofood","norm",0.64,"99.64% Households","Tract 103","003","Albemarle",2,"Low Food Access"
"154","51003010300","index","norm",1.38,"NA","Tract 103","003","Albemarle",2,"Composite Score"
"155","51003010202","density","norm",0.01,"139.9 ppl/sq. mi.","Tract 102.02","003","Albemarle",2,"Population Density"
"156","51003010202","room15","norm",0,"0% Households","Tract 102.02","003","Albemarle",2,">1.5 Ppl/Room"
"157","51003010202","nocar","norm",0,"0% Households","Tract 102.02","003","Albemarle",2,"No Car Access"
"158","51003010202","und18","norm",0.36,"41.9% Families","Tract 102.02","003","Albemarle",2,"Children Present"
"159","51003010202","nobb","norm",0.16,"9.7% Households","Tract 102.02","003","Albemarle",2,"No Broadband"
"160","51003010202","nofood","norm",0.09,"99.09% Households","Tract 102.02","003","Albemarle",2,"Low Food Access"
"161","51003010202","index","norm",0.62,"NA","Tract 102.02","003","Albemarle",2,"Composite Score"
"162","51003010201","density","norm",0.01,"175 ppl/sq. mi.","Tract 102.01","003","Albemarle",2,"Population Density"
"163","51003010201","room15","norm",0,"0% Households","Tract 102.01","003","Albemarle",2,">1.5 Ppl/Room"
"164","51003010201","nocar","norm",0,"0% Households","Tract 102.01","003","Albemarle",2,"No Car Access"
"165","51003010201","und18","norm",0.42,"45.5% Families","Tract 102.01","003","Albemarle",2,"Children Present"
"166","51003010201","nobb","norm",0.12,"7.5% Households","Tract 102.01","003","Albemarle",2,"No Broadband"
"167","51003010201","nofood","norm",0,"99% Households","Tract 102.01","003","Albemarle",2,"Low Food Access"
"168","51003010201","index","norm",0.55,"NA","Tract 102.01","003","Albemarle",2,"Composite Score"
"169","51003010100","density","norm",0,"39.6 ppl/sq. mi.","Tract 101","003","Albemarle",2,"Population Density"
"170","51003010100","room15","norm",0.36,"0.8% Households","Tract 101","003","Albemarle",2,">1.5 Ppl/Room"
"171","51003010100","nocar","norm",0.04,"1.2% Households","Tract 101","003","Albemarle",2,"No Car Access"
"172","51003010100","und18","norm",0.26,"36.4% Families","Tract 101","003","Albemarle",2,"Children Present"
"173","51003010100","nobb","norm",0.44,"22.6% Households","Tract 101","003","Albemarle",2,"No Broadband"
"174","51003010100","nofood","norm",0,"99% Households","Tract 101","003","Albemarle",2,"Low Food Access"
"175","51003010100","index","norm",1.11,"NA","Tract 101","003","Albemarle",2,"Composite Score"
"176","51125950300","density","norm",0,"24.9 ppl/sq. mi.","Tract 9503","125","Nelson",3,"Population Density"
"177","51125950300","room15","norm",0.32,"0.7% Households","Tract 9503","125","Nelson",3,">1.5 Ppl/Room"
"178","51125950300","nocar","norm",0.31,"8.6% Households","Tract 9503","125","Nelson",3,"No Car Access"
"179","51125950300","und18","norm",0.23,"34.6% Families","Tract 9503","125","Nelson",3,"Children Present"
"180","51125950300","nobb","norm",0.78,"38.1% Households","Tract 9503","125","Nelson",3,"No Broadband"
"181","51125950300","nofood","norm",0.06,"99.06% Households","Tract 9503","125","Nelson",3,"Low Food Access"
"182","51125950300","index","norm",1.69,"NA","Tract 9503","125","Nelson",3,"Composite Score"
"183","51125950200","density","norm",0,"57 ppl/sq. mi.","Tract 9502","125","Nelson",3,"Population Density"
"184","51125950200","room15","norm",0,"0% Households","Tract 9502","125","Nelson",3,">1.5 Ppl/Room"
"185","51125950200","nocar","norm",0.18,"5% Households","Tract 9502","125","Nelson",3,"No Car Access"
"186","51125950200","und18","norm",0.1,"27.8% Families","Tract 9502","125","Nelson",3,"Children Present"
"187","51125950200","nobb","norm",0.49,"24.9% Households","Tract 9502","125","Nelson",3,"No Broadband"
"188","51125950200","nofood","norm",0.1,"99.1% Households","Tract 9502","125","Nelson",3,"Low Food Access"
"189","51125950200","index","norm",0.88,"NA","Tract 9502","125","Nelson",3,"Composite Score"
"190","51125950100","density","norm",0,"25.9 ppl/sq. mi.","Tract 9501","125","Nelson",3,"Population Density"
"191","51125950100","room15","norm",0,"0% Households","Tract 9501","125","Nelson",3,">1.5 Ppl/Room"
"192","51125950100","nocar","norm",0.25,"7.1% Households","Tract 9501","125","Nelson",3,"No Car Access"
"193","51125950100","und18","norm",0.22,"34.3% Families","Tract 9501","125","Nelson",3,"Children Present"
"194","51125950100","nobb","norm",1,"48.2% Households","Tract 9501","125","Nelson",3,"No Broadband"
"195","51125950100","nofood","norm",0.05,"99.05% Households","Tract 9501","125","Nelson",3,"Low Food Access"
"196","51125950100","index","norm",1.52,"NA","Tract 9501","125","Nelson",3,"Composite Score"
"197","51540001000","density","norm",0.26,"3823 ppl/sq. mi.","Tract 10","540","Charlottesville",4,"Population Density"
"198","51540001000","room15","norm",0.55,"1.2% Households","Tract 10","540","Charlottesville",4,">1.5 Ppl/Room"
"199","51540001000","nocar","norm",0.46,"12.9% Households","Tract 10","540","Charlottesville",4,"No Car Access"
"200","51540001000","und18","norm",0.25,"35.7% Families","Tract 10","540","Charlottesville",4,"Children Present"
"201","51540001000","nobb","norm",0.14,"8.8% Households","Tract 10","540","Charlottesville",4,"No Broadband"
"202","51540001000","nofood","norm",1,"100% Households","Tract 10","540","Charlottesville",4,"Low Food Access"
"203","51540001000","index","norm",2.66,"NA","Tract 10","540","Charlottesville",4,"Composite Score"
"204","51540000900","density","norm",0.12,"1773.8 ppl/sq. mi.","Tract 9","540","Charlottesville",4,"Population Density"
"205","51540000900","room15","norm",0,"0% Households","Tract 9","540","Charlottesville",4,">1.5 Ppl/Room"
"206","51540000900","nocar","norm",0.13,"3.7% Households","Tract 9","540","Charlottesville",4,"No Car Access"
"207","51540000900","und18","norm",0.5,"49.6% Families","Tract 9","540","Charlottesville",4,"Children Present"
"208","51540000900","nobb","norm",0.24,"13.4% Households","Tract 9","540","Charlottesville",4,"No Broadband"
"209","51540000900","nofood","norm",0.74,"99.74% Households","Tract 9","540","Charlottesville",4,"Low Food Access"
"210","51540000900","index","norm",1.73,"NA","Tract 9","540","Charlottesville",4,"Composite Score"
"211","51540000800","density","norm",0.18,"2606.7 ppl/sq. mi.","Tract 8","540","Charlottesville",4,"Population Density"
"212","51540000800","room15","norm",0.73,"1.6% Households","Tract 8","540","Charlottesville",4,">1.5 Ppl/Room"
"213","51540000800","nocar","norm",0.1,"2.9% Households","Tract 8","540","Charlottesville",4,"No Car Access"
"214","51540000800","und18","norm",0.35,"41.5% Families","Tract 8","540","Charlottesville",4,"Children Present"
"215","51540000800","nobb","norm",0.42,"21.5% Households","Tract 8","540","Charlottesville",4,"No Broadband"
"216","51540000800","nofood","norm",0.95,"99.95% Households","Tract 8","540","Charlottesville",4,"Low Food Access"
"217","51540000800","index","norm",2.73,"NA","Tract 8","540","Charlottesville",4,"Composite Score"
"218","51540000700","density","norm",0.21,"3082.6 ppl/sq. mi.","Tract 7","540","Charlottesville",4,"Population Density"
"219","51540000700","room15","norm",0,"0% Households","Tract 7","540","Charlottesville",4,">1.5 Ppl/Room"
"220","51540000700","nocar","norm",0.22,"6.2% Households","Tract 7","540","Charlottesville",4,"No Car Access"
"221","51540000700","und18","norm",0.51,"50.4% Families","Tract 7","540","Charlottesville",4,"Children Present"
"222","51540000700","nobb","norm",0.3,"16% Households","Tract 7","540","Charlottesville",4,"No Broadband"
"223","51540000700","nofood","norm",1,"100% Households","Tract 7","540","Charlottesville",4,"Low Food Access"
"224","51540000700","index","norm",2.24,"NA","Tract 7","540","Charlottesville",4,"Composite Score"
"225","51540000600","density","norm",0.66,"9764.8 ppl/sq. mi.","Tract 6","540","Charlottesville",4,"Population Density"
"226","51540000600","room15","norm",0,"0% Households","Tract 6","540","Charlottesville",4,">1.5 Ppl/Room"
"227","51540000600","nocar","norm",0.42,"11.8% Households","Tract 6","540","Charlottesville",4,"No Car Access"
"228","51540000600","und18","norm",0.26,"36.5% Families","Tract 6","540","Charlottesville",4,"Children Present"
"229","51540000600","nobb","norm",0.26,"14.2% Households","Tract 6","540","Charlottesville",4,"No Broadband"
"230","51540000600","nofood","norm",0.6,"99.6% Households","Tract 6","540","Charlottesville",4,"Low Food Access"
"231","51540000600","index","norm",2.21,"NA","Tract 6","540","Charlottesville",4,"Composite Score"
"232","51540000502","density","norm",0.32,"4729.6 ppl/sq. mi.","Tract 5.02","540","Charlottesville",4,"Population Density"
"233","51540000502","room15","norm",0,"0% Households","Tract 5.02","540","Charlottesville",4,">1.5 Ppl/Room"
"234","51540000502","nocar","norm",0.13,"3.7% Households","Tract 5.02","540","Charlottesville",4,"No Car Access"
"235","51540000502","und18","norm",0.44,"46.3% Families","Tract 5.02","540","Charlottesville",4,"Children Present"
"236","51540000502","nobb","norm",0.27,"14.8% Households","Tract 5.02","540","Charlottesville",4,"No Broadband"
"237","51540000502","nofood","norm",0.88,"99.88% Households","Tract 5.02","540","Charlottesville",4,"Low Food Access"
"238","51540000502","index","norm",2.04,"NA","Tract 5.02","540","Charlottesville",4,"Composite Score"
"239","51540000501","density","norm",0.58,"8516.8 ppl/sq. mi.","Tract 5.01","540","Charlottesville",4,"Population Density"
"240","51540000501","room15","norm",0.59,"1.3% Households","Tract 5.01","540","Charlottesville",4,">1.5 Ppl/Room"
"241","51540000501","nocar","norm",1,"27.9% Households","Tract 5.01","540","Charlottesville",4,"No Car Access"
"242","51540000501","und18","norm",0.51,"50.6% Families","Tract 5.01","540","Charlottesville",4,"Children Present"
"243","51540000501","nobb","norm",0.59,"29.3% Households","Tract 5.01","540","Charlottesville",4,"No Broadband"
"244","51540000501","nofood","norm",1,"100% Households","Tract 5.01","540","Charlottesville",4,"Low Food Access"
"245","51540000501","index","norm",4.27,"NA","Tract 5.01","540","Charlottesville",4,"Composite Score"
"246","51540000402","density","norm",0.4,"5927.4 ppl/sq. mi.","Tract 4.02","540","Charlottesville",4,"Population Density"
"247","51540000402","room15","norm",0,"0% Households","Tract 4.02","540","Charlottesville",4,">1.5 Ppl/Room"
"248","51540000402","nocar","norm",0.43,"12.1% Households","Tract 4.02","540","Charlottesville",4,"No Car Access"
"249","51540000402","und18","norm",0.39,"44% Families","Tract 4.02","540","Charlottesville",4,"Children Present"
"250","51540000402","nobb","norm",0.45,"22.9% Households","Tract 4.02","540","Charlottesville",4,"No Broadband"
"251","51540000402","nofood","norm",0.96,"99.96% Households","Tract 4.02","540","Charlottesville",4,"Low Food Access"
"252","51540000402","index","norm",2.64,"NA","Tract 4.02","540","Charlottesville",4,"Composite Score"
"253","51540000401","density","norm",0.44,"6516.9 ppl/sq. mi.","Tract 4.01","540","Charlottesville",4,"Population Density"
"254","51540000401","room15","norm",0,"0% Households","Tract 4.01","540","Charlottesville",4,">1.5 Ppl/Room"
"255","51540000401","nocar","norm",0.67,"18.7% Households","Tract 4.01","540","Charlottesville",4,"No Car Access"
"256","51540000401","und18","norm",0.5,"49.6% Families","Tract 4.01","540","Charlottesville",4,"Children Present"
"257","51540000401","nobb","norm",0.6,"29.9% Households","Tract 4.01","540","Charlottesville",4,"No Broadband"
"258","51540000401","nofood","norm",1,"100% Households","Tract 4.01","540","Charlottesville",4,"Low Food Access"
"259","51540000401","index","norm",3.21,"NA","Tract 4.01","540","Charlottesville",4,"Composite Score"
"260","51540000302","density","norm",0.22,"3255.5 ppl/sq. mi.","Tract 3.02","540","Charlottesville",4,"Population Density"
"261","51540000302","room15","norm",0,"0% Households","Tract 3.02","540","Charlottesville",4,">1.5 Ppl/Room"
"262","51540000302","nocar","norm",0.62,"17.2% Households","Tract 3.02","540","Charlottesville",4,"No Car Access"
"263","51540000302","und18","norm",0.44,"46.6% Families","Tract 3.02","540","Charlottesville",4,"Children Present"
"264","51540000302","nobb","norm",0.36,"18.6% Households","Tract 3.02","540","Charlottesville",4,"No Broadband"
"265","51540000302","nofood","norm",1,"100% Households","Tract 3.02","540","Charlottesville",4,"Low Food Access"
"266","51540000302","index","norm",2.63,"NA","Tract 3.02","540","Charlottesville",4,"Composite Score"
"267","51540000202","density","norm",1,"14766.7 ppl/sq. mi.","Tract 2.02","540","Charlottesville",4,"Population Density"
"268","51540000202","room15","norm",1,"2.2% Households","Tract 2.02","540","Charlottesville",4,">1.5 Ppl/Room"
"269","51540000202","nocar","norm",0.79,"22% Households","Tract 2.02","540","Charlottesville",4,"No Car Access"
"270","51540000202","und18","norm",1,"77.7% Families","Tract 2.02","540","Charlottesville",4,"Children Present"
"271","51540000202","nobb","norm",0.62,"30.6% Households","Tract 2.02","540","Charlottesville",4,"No Broadband"
"272","51540000202","nofood","norm",1,"100% Households","Tract 2.02","540","Charlottesville",4,"Low Food Access"
"273","51540000202","index","norm",5.41,"NA","Tract 2.02","540","Charlottesville",4,"Composite Score"
"274","51540000201","density","norm",0.41,"6132.9 ppl/sq. mi.","Tract 2.01","540","Charlottesville",4,"Population Density"
"275","51540000201","room15","norm",0.09,"0.2% Households","Tract 2.01","540","Charlottesville",4,">1.5 Ppl/Room"
"276","51540000201","nocar","norm",0.16,"4.6% Households","Tract 2.01","540","Charlottesville",4,"No Car Access"
"277","51540000201","und18","norm",0.36,"42.2% Families","Tract 2.01","540","Charlottesville",4,"Children Present"
"278","51540000201","nobb","norm",0.26,"14.1% Households","Tract 2.01","540","Charlottesville",4,"No Broadband"
"279","51540000201","nofood","norm",1,"100% Households","Tract 2.01","540","Charlottesville",4,"Low Food Access"
"280","51540000201","index","norm",2.29,"NA","Tract 2.01","540","Charlottesville",4,"Composite Score"
"281","51113930200","density","norm",0,"28.3 ppl/sq. mi.","Tract 9302","113","Madison",5,"Population Density"
"282","51113930200","room15","norm",0.32,"0.7% Households","Tract 9302","113","Madison",5,">1.5 Ppl/Room"
"283","51113930200","nocar","norm",0.19,"5.2% Households","Tract 9302","113","Madison",5,"No Car Access"
"284","51113930200","und18","norm",0.18,"32.1% Families","Tract 9302","113","Madison",5,"Children Present"
"285","51113930200","nobb","norm",0.78,"38.2% Households","Tract 9302","113","Madison",5,"No Broadband"
"286","51113930200","nofood","norm",0.07,"99.07% Households","Tract 9302","113","Madison",5,"Low Food Access"
"287","51113930200","index","norm",1.54,"NA","Tract 9302","113","Madison",5,"Composite Score"
"288","51113930100","density","norm",0,"61.7 ppl/sq. mi.","Tract 9301","113","Madison",5,"Population Density"
"289","51113930100","room15","norm",0.5,"1.1% Households","Tract 9301","113","Madison",5,">1.5 Ppl/Room"
"290","51113930100","nocar","norm",0.11,"3.1% Households","Tract 9301","113","Madison",5,"No Car Access"
"291","51113930100","und18","norm",0.09,"27.2% Families","Tract 9301","113","Madison",5,"Children Present"
"292","51113930100","nobb","norm",0.5,"25.3% Households","Tract 9301","113","Madison",5,"No Broadband"
"293","51113930100","nofood","norm",0.02,"99.02% Households","Tract 9301","113","Madison",5,"Low Food Access"
"294","51113930100","index","norm",1.23,"NA","Tract 9301","113","Madison",5,"Composite Score"
"295","51109950500","density","norm",0,"67.6 ppl/sq. mi.","Tract 9505","109","Louisa",6,"Population Density"
"296","51109950500","room15","norm",0,"0% Households","Tract 9505","109","Louisa",6,">1.5 Ppl/Room"
"297","51109950500","nocar","norm",0.28,"7.7% Households","Tract 9505","109","Louisa",6,"No Car Access"
"298","51109950500","und18","norm",0.24,"35.1% Families","Tract 9505","109","Louisa",6,"Children Present"
"299","51109950500","nobb","norm",0.51,"25.5% Households","Tract 9505","109","Louisa",6,"No Broadband"
"300","51109950500","nofood","norm",0,"99% Households","Tract 9505","109","Louisa",6,"Low Food Access"
"301","51109950500","index","norm",1.02,"NA","Tract 9505","109","Louisa",6,"Composite Score"
"302","51109950400","density","norm",0,"52.3 ppl/sq. mi.","Tract 9504","109","Louisa",6,"Population Density"
"303","51109950400","room15","norm",0,"0% Households","Tract 9504","109","Louisa",6,">1.5 Ppl/Room"
"304","51109950400","nocar","norm",0.1,"2.9% Households","Tract 9504","109","Louisa",6,"No Car Access"
"305","51109950400","und18","norm",0.18,"32.1% Families","Tract 9504","109","Louisa",6,"Children Present"
"306","51109950400","nobb","norm",0.79,"38.6% Households","Tract 9504","109","Louisa",6,"No Broadband"
"307","51109950400","nofood","norm",0,"99% Households","Tract 9504","109","Louisa",6,"Low Food Access"
"308","51109950400","index","norm",1.08,"NA","Tract 9504","109","Louisa",6,"Composite Score"
"309","51109950300","density","norm",0,"78.5 ppl/sq. mi.","Tract 9503","109","Louisa",6,"Population Density"
"310","51109950300","room15","norm",0,"0% Households","Tract 9503","109","Louisa",6,">1.5 Ppl/Room"
"311","51109950300","nocar","norm",0.06,"1.8% Households","Tract 9503","109","Louisa",6,"No Car Access"
"312","51109950300","und18","norm",0.31,"39.2% Families","Tract 9503","109","Louisa",6,"Children Present"
"313","51109950300","nobb","norm",0.32,"16.8% Households","Tract 9503","109","Louisa",6,"No Broadband"
"314","51109950300","nofood","norm",0.07,"99.07% Households","Tract 9503","109","Louisa",6,"Low Food Access"
"315","51109950300","index","norm",0.76,"NA","Tract 9503","109","Louisa",6,"Composite Score"
"316","51109950202","density","norm",0,"80 ppl/sq. mi.","Tract 9502.02","109","Louisa",6,"Population Density"
"317","51109950202","room15","norm",0,"0% Households","Tract 9502.02","109","Louisa",6,">1.5 Ppl/Room"
"318","51109950202","nocar","norm",0.13,"3.5% Households","Tract 9502.02","109","Louisa",6,"No Car Access"
"319","51109950202","und18","norm",0.17,"31.4% Families","Tract 9502.02","109","Louisa",6,"Children Present"
"320","51109950202","nobb","norm",0.41,"21.2% Households","Tract 9502.02","109","Louisa",6,"No Broadband"
"321","51109950202","nofood","norm",0.25,"99.25% Households","Tract 9502.02","109","Louisa",6,"Low Food Access"
"322","51109950202","index","norm",0.96,"NA","Tract 9502.02","109","Louisa",6,"Composite Score"
"323","51109950201","density","norm",0,"89.8 ppl/sq. mi.","Tract 9502.01","109","Louisa",6,"Population Density"
"324","51109950201","room15","norm",0.23,"0.5% Households","Tract 9502.01","109","Louisa",6,">1.5 Ppl/Room"
"325","51109950201","nocar","norm",0.43,"12% Households","Tract 9502.01","109","Louisa",6,"No Car Access"
"326","51109950201","und18","norm",0.21,"33.5% Families","Tract 9502.01","109","Louisa",6,"Children Present"
"327","51109950201","nobb","norm",0.76,"37.2% Households","Tract 9502.01","109","Louisa",6,"No Broadband"
"328","51109950201","nofood","norm",0.27,"99.27% Households","Tract 9502.01","109","Louisa",6,"Low Food Access"
"329","51109950201","index","norm",1.9,"NA","Tract 9502.01","109","Louisa",6,"Composite Score"
"330","51109950100","density","norm",0,"62.1 ppl/sq. mi.","Tract 9501","109","Louisa",6,"Population Density"
"331","51109950100","room15","norm",0.27,"0.6% Households","Tract 9501","109","Louisa",6,">1.5 Ppl/Room"
"332","51109950100","nocar","norm",0.13,"3.5% Households","Tract 9501","109","Louisa",6,"No Car Access"
"333","51109950100","und18","norm",0.11,"28% Families","Tract 9501","109","Louisa",6,"Children Present"
"334","51109950100","nobb","norm",0.55,"27.3% Households","Tract 9501","109","Louisa",6,"No Broadband"
"335","51109950100","nofood","norm",0.01,"99.01% Households","Tract 9501","109","Louisa",6,"Low Food Access"
"336","51109950100","index","norm",1.07,"NA","Tract 9501","109","Louisa",6,"Composite Score"
"337","51079030200","density","norm",0.02,"299.9 ppl/sq. mi.","Tract 302","079","Greene",7,"Population Density"
"338","51079030200","room15","norm",0,"0% Households","Tract 302","079","Greene",7,">1.5 Ppl/Room"
"339","51079030200","nocar","norm",0.04,"1.2% Households","Tract 302","079","Greene",7,"No Car Access"
"340","51079030200","und18","norm",0.33,"40.3% Families","Tract 302","079","Greene",7,"Children Present"
"341","51079030200","nobb","norm",0.25,"13.9% Households","Tract 302","079","Greene",7,"No Broadband"
"342","51079030200","nofood","norm",0.43,"99.43% Households","Tract 302","079","Greene",7,"Low Food Access"
"343","51079030200","index","norm",1.08,"NA","Tract 302","079","Greene",7,"Composite Score"
"344","51079030102","density","norm",0,"84.6 ppl/sq. mi.","Tract 301.02","079","Greene",7,"Population Density"
"345","51079030102","room15","norm",0.32,"0.7% Households","Tract 301.02","079","Greene",7,">1.5 Ppl/Room"
"346","51079030102","nocar","norm",0.14,"3.9% Households","Tract 301.02","079","Greene",7,"No Car Access"
"347","51079030102","und18","norm",0.26,"36.6% Families","Tract 301.02","079","Greene",7,"Children Present"
"348","51079030102","nobb","norm",0.46,"23.5% Households","Tract 301.02","079","Greene",7,"No Broadband"
"349","51079030102","nofood","norm",0.02,"99.02% Households","Tract 301.02","079","Greene",7,"Low Food Access"
"350","51079030102","index","norm",1.21,"NA","Tract 301.02","079","Greene",7,"Composite Score"
"351","51079030101","density","norm",0,"65.3 ppl/sq. mi.","Tract 301.01","079","Greene",7,"Population Density"
"352","51079030101","room15","norm",0.68,"1.5% Households","Tract 301.01","079","Greene",7,">1.5 Ppl/Room"
"353","51079030101","nocar","norm",0.2,"5.7% Households","Tract 301.01","079","Greene",7,"No Car Access"
"354","51079030101","und18","norm",0.2,"33.2% Families","Tract 301.01","079","Greene",7,"Children Present"
"355","51079030101","nobb","norm",0.55,"27.3% Households","Tract 301.01","079","Greene",7,"No Broadband"
"356","51079030101","nofood","norm",0.27,"99.27% Households","Tract 301.01","079","Greene",7,"Low Food Access"
"357","51079030101","index","norm",1.9,"NA","Tract 301.01","079","Greene",7,"Composite Score"
"358","51137110300","density","norm",0,"83.7 ppl/sq. mi.","Tract 1103","137","Orange",8,"Population Density"
"359","51137110300","room15","norm",0.27,"0.6% Households","Tract 1103","137","Orange",8,">1.5 Ppl/Room"
"360","51137110300","nocar","norm",0.16,"4.6% Households","Tract 1103","137","Orange",8,"No Car Access"
"361","51137110300","und18","norm",0.28,"37.8% Families","Tract 1103","137","Orange",8,"Children Present"
"362","51137110300","nobb","norm",0.52,"26% Households","Tract 1103","137","Orange",8,"No Broadband"
"363","51137110300","nofood","norm",0.27,"99.27% Households","Tract 1103","137","Orange",8,"Low Food Access"
"364","51137110300","index","norm",1.51,"NA","Tract 1103","137","Orange",8,"Composite Score"
"365","51137110200","density","norm",0.01,"189.9 ppl/sq. mi.","Tract 1102","137","Orange",8,"Population Density"
"366","51137110200","room15","norm",0.59,"1.3% Households","Tract 1102","137","Orange",8,">1.5 Ppl/Room"
"367","51137110200","nocar","norm",0.58,"16.1% Households","Tract 1102","137","Orange",8,"No Car Access"
"368","51137110200","und18","norm",0.61,"55.8% Families","Tract 1102","137","Orange",8,"Children Present"
"369","51137110200","nobb","norm",0.4,"20.8% Households","Tract 1102","137","Orange",8,"No Broadband"
"370","51137110200","nofood","norm",0.25,"99.25% Households","Tract 1102","137","Orange",8,"Low Food Access"
"371","51137110200","index","norm",2.44,"NA","Tract 1102","137","Orange",8,"Composite Score"
"372","51137110104","density","norm",0,"82.1 ppl/sq. mi.","Tract 1101.04","137","Orange",8,"Population Density"
"373","51137110104","room15","norm",0,"0% Households","Tract 1101.04","137","Orange",8,">1.5 Ppl/Room"
"374","51137110104","nocar","norm",0.01,"0.3% Households","Tract 1101.04","137","Orange",8,"No Car Access"
"375","51137110104","und18","norm",0.38,"43.4% Families","Tract 1101.04","137","Orange",8,"Children Present"
"376","51137110104","nobb","norm",0.58,"29.1% Households","Tract 1101.04","137","Orange",8,"No Broadband"
"377","51137110104","nofood","norm",0,"99% Households","Tract 1101.04","137","Orange",8,"Low Food Access"
"378","51137110104","index","norm",0.98,"NA","Tract 1101.04","137","Orange",8,"Composite Score"
"379","51137110103","density","norm",0.04,"552.9 ppl/sq. mi.","Tract 1101.03","137","Orange",8,"Population Density"
"380","51137110103","room15","norm",0,"0% Households","Tract 1101.03","137","Orange",8,">1.5 Ppl/Room"
"381","51137110103","nocar","norm",0.01,"0.3% Households","Tract 1101.03","137","Orange",8,"No Car Access"
"382","51137110103","und18","norm",0.32,"40% Families","Tract 1101.03","137","Orange",8,"Children Present"
"383","51137110103","nobb","norm",0.3,"16.2% Households","Tract 1101.03","137","Orange",8,"No Broadband"
"384","51137110103","nofood","norm",0.38,"99.38% Households","Tract 1101.03","137","Orange",8,"Low Food Access"
"385","51137110103","index","norm",1.06,"NA","Tract 1101.03","137","Orange",8,"Composite Score"
"386","51137110102","density","norm",0,"55.4 ppl/sq. mi.","Tract 1101.02","137","Orange",8,"Population Density"
"387","51137110102","room15","norm",0,"0% Households","Tract 1101.02","137","Orange",8,">1.5 Ppl/Room"
"388","51137110102","nocar","norm",0.01,"0.4% Households","Tract 1101.02","137","Orange",8,"No Car Access"
"389","51137110102","und18","norm",0.3,"38.5% Families","Tract 1101.02","137","Orange",8,"Children Present"
"390","51137110102","nobb","norm",0.71,"34.7% Households","Tract 1101.02","137","Orange",8,"No Broadband"
"391","51137110102","nofood","norm",0,"99% Households","Tract 1101.02","137","Orange",8,"Low Food Access"
"392","51137110102","index","norm",1.02,"NA","Tract 1101.02","137","Orange",8,"Composite Score"
"393","51065020300","density","norm",0,"50.3 ppl/sq. mi.","Tract 203","065","Fluvanna",9,"Population Density"
"394","51065020300","room15","norm",0,"0% Households","Tract 203","065","Fluvanna",9,">1.5 Ppl/Room"
"395","51065020300","nocar","norm",0.06,"1.6% Households","Tract 203","065","Fluvanna",9,"No Car Access"
"396","51065020300","und18","norm",0.24,"35.1% Families","Tract 203","065","Fluvanna",9,"Children Present"
"397","51065020300","nobb","norm",0.4,"20.5% Households","Tract 203","065","Fluvanna",9,"No Broadband"
"398","51065020300","nofood","norm",0.05,"99.05% Households","Tract 203","065","Fluvanna",9,"Low Food Access"
"399","51065020300","index","norm",0.74,"NA","Tract 203","065","Fluvanna",9,"Composite Score"
"400","51065020200","density","norm",0,"40 ppl/sq. mi.","Tract 202","065","Fluvanna",9,"Population Density"
"401","51065020200","room15","norm",0,"0% Households","Tract 202","065","Fluvanna",9,">1.5 Ppl/Room"
"402","51065020200","nocar","norm",0.1,"2.8% Households","Tract 202","065","Fluvanna",9,"No Car Access"
"403","51065020200","und18","norm",0.27,"36.8% Families","Tract 202","065","Fluvanna",9,"Children Present"
"404","51065020200","nobb","norm",0.4,"20.8% Households","Tract 202","065","Fluvanna",9,"No Broadband"
"405","51065020200","nofood","norm",0.08,"99.08% Households","Tract 202","065","Fluvanna",9,"Low Food Access"
"406","51065020200","index","norm",0.85,"NA","Tract 202","065","Fluvanna",9,"Composite Score"
"407","51065020102","density","norm",0.08,"1160.6 ppl/sq. mi.","Tract 201.02","065","Fluvanna",9,"Population Density"
"408","51065020102","room15","norm",0,"0% Households","Tract 201.02","065","Fluvanna",9,">1.5 Ppl/Room"
"409","51065020102","nocar","norm",0.08,"2.2% Households","Tract 201.02","065","Fluvanna",9,"No Car Access"
"410","51065020102","und18","norm",0.37,"42.8% Families","Tract 201.02","065","Fluvanna",9,"Children Present"
"411","51065020102","nobb","norm",0.13,"8.2% Households","Tract 201.02","065","Fluvanna",9,"No Broadband"
"412","51065020102","nofood","norm",0.2,"99.2% Households","Tract 201.02","065","Fluvanna",9,"Low Food Access"
"413","51065020102","index","norm",0.86,"NA","Tract 201.02","065","Fluvanna",9,"Composite Score"
"414","51065020101","density","norm",0.01,"137.3 ppl/sq. mi.","Tract 201.01","065","Fluvanna",9,"Population Density"
"415","51065020101","room15","norm",0.32,"0.7% Households","Tract 201.01","065","Fluvanna",9,">1.5 Ppl/Room"
"416","51065020101","nocar","norm",0.19,"5.3% Households","Tract 201.01","065","Fluvanna",9,"No Car Access"
"417","51065020101","und18","norm",0.29,"38.1% Families","Tract 201.01","065","Fluvanna",9,"Children Present"
"418","51065020101","nobb","norm",0.26,"14.1% Households","Tract 201.01","065","Fluvanna",9,"No Broadband"
"419","51065020101","nofood","norm",0.01,"99.01% Households","Tract 201.01","065","Fluvanna",9,"Low Food Access"
"420","51065020101","index","norm",1.07,"NA","Tract 201.01","065","Fluvanna",9,"Composite Score"
